<?xml version="1.0" encoding="UTF-8" standalone="no" ?>
<SimscapeMultibodyImportXML version="2.0" xmlns="urn:mathworks:SimscapeMultibody:import" xmlns:xsi="http://www.w3.org/2001/XMLSchema-instance">
<Created by="" on="10/11/25||11:45:04" using="Simscape Multibody Link Version 7.4" from="SolidWorks 29.0.0"/>
<ModelUnits mass="kilogram" length="centimeter"/>
<DataUnits mass="kilogram" length="meter"/>
<RootAssembly name="completedfinished" uid="completedfinished" version="2936">
<AssemblyFile name="completedfinished.SLDASM" type="SolidWorks Assembly"/>
<InstanceTree>
<Instance name="battery-1" uid="battery-1" entityUid="battery*:*Default">
<Transform>
<Rotation>0.99999999525986749 -9.7366653072000046e-05 -1.0239365783212064e-15 -9.7366653072000046e-05 -0.99999999525986749 -9.9990030746207145e-16 -1.0238392165323738e-15 1.0000000000000005e-15 -1</Rotation>
<Translation>-1.4052119290759202e-05 4.4931092433012423e-05 -0.031500000000000236</Translation>
</Transform>
</Instance>
<Instance name="finishedrotorpropnonflipped-3" uid="finishedrotorpropnonflipped-3" entityUid="finishedrotorpropnonflipped" rigid="true">
<Transform>
<Rotation>0.9991635341221643 -0.040892934359208093 -8.7353569224880943e-13 0.040892934359208093 0.9991635341221643 -3.4892700107555647e-14 8.7423187434428566e-13 -8.5792416902583723e-16 1</Rotation>
<Translation>-0.13562903786721542 0.12664042899330563 0.041266887962172621</Translation>
</Transform>
<Instance name="nonflippedwingfinished.step-1" uid="nonflippedwingfinished.step-1" entityUid="nonflippedwingfinished.step*:*Default">
<Transform>
<Rotation>0.7769987550395393 -0.62950213237685393 8.7525677546394473e-13 0.62950213237685393 0.7769987550395393 0 -6.800833660906432e-13 5.5096373602239526e-13 0.99999999999999989</Rotation>
<Translation>1.2406742300186124e-14 0 0.014200000000000004</Translation>
</Transform>
</Instance>
<Instance name="rotorfinished.step-1" uid="rotorfinished.step-1" entityUid="rotorfinished.step*:*Default">
<Transform>
<Rotation>1 0 0 0 1 0 0 0 1</Rotation>
<Translation>0 0 0</Translation>
</Transform>
</Instance>
</Instance>
<Instance name="finishedrotorpropnonflipped-2" uid="finishedrotorpropnonflipped-2" entityUid="finishedrotorpropnonflipped" rigid="true">
<Transform>
<Rotation>0.99912962828314789 -0.041713138059591114 -8.7250593311511382e-13 0.041713138059591114 0.99912962828314789 -3.7610597981719748e-14 8.7331538469426023e-13 1.1829023351394508e-15 0.99999999999999989</Rotation>
<Translation>0.13567551465985686 -0.12660101056458167 0.04100307758517939</Translation>
</Transform>
<Instance name="nonflippedwingfinished.step-1" uid="nonflippedwingfinished.step-1" entityUid="nonflippedwingfinished.step*:*Default">
<Transform>
<Rotation>0.77699875503953908 -0.62950213237685393 8.7525677546394443e-13 0.62950213237685393 0.77699875503953908 0 -6.800833660906429e-13 5.5096373602239516e-13 0.99999999999999978</Rotation>
<Translation>1.2434497875801753e-14 0 0.014200000000000004</Translation>
</Transform>
</Instance>
<Instance name="rotorfinished.step-1" uid="rotorfinished.step-1" entityUid="rotorfinished.step*:*Default">
<Transform>
<Rotation>1 0 0 0 1 0 0 0 1</Rotation>
<Translation>0 0 0</Translation>
</Transform>
</Instance>
</Instance>
<Instance name="finishedrotorpropflipped-1" uid="finishedrotorpropflipped-1" entityUid="finishedrotorpropflipped" rigid="true">
<Transform>
<Rotation>0.67988068716825689 -0.73332274696454003 -5.9429387342177544e-13 0.73332274696454003 0.67988068716825689 -6.412233631797093e-13 8.7427260514666704e-13 1.4616502510851795e-16 1</Rotation>
<Translation>0.13565032574539043 0.12662511281177552 0.040997840836730519</Translation>
</Transform>
<Instance name="flippedwingfinished.step-1" uid="flippedwingfinished.step-1" entityUid="flippedwingfinished.step*:*Default">
<Transform>
<Rotation>0.99479352025429901 0.10191100068226061 8.7527838677726625e-13 -0.10191100068226061 0.99479352025429901 0 -8.707228452746867e-13 -8.9185095816682038e-14 0.99999999999999989</Rotation>
<Translation>1.2490009027033011e-14 0 0.014200000000000004</Translation>
</Transform>
</Instance>
<Instance name="rotorfinished.step-1" uid="rotorfinished.step-1" entityUid="rotorfinished.step*:*Default">
<Transform>
<Rotation>1 0 0 0 1 0 0 0 1</Rotation>
<Translation>0 0 0</Translation>
</Transform>
</Instance>
</Instance>
<Instance name="framefinished1-2" uid="framefinished1-2" entityUid="framefinished1*:*Default">
<Transform>
<Rotation>1 0 0 0 1 0 0 0 1</Rotation>
<Translation>0 0 0</Translation>
</Transform>
</Instance>
<Instance name="finishedrotorpropflipped-3" uid="finishedrotorpropflipped-3" entityUid="finishedrotorpropflipped" rigid="true">
<Transform>
<Rotation>-0.67764960614225078 0.73538494089507489 5.9355349030127736e-13 -0.73538494089507489 -0.67764960614225078 6.4324968327487728e-13 8.7525741924288966e-13 -5.9240386092180962e-16 1</Rotation>
<Translation>-0.13560383664039105 -0.12666451836644324 0.041003077585179633</Translation>
</Transform>
<Instance name="flippedwingfinished.step-1" uid="flippedwingfinished.step-1" entityUid="flippedwingfinished.step*:*Default">
<Transform>
<Rotation>0.99479352025429912 0.10191100068226078 8.7527838677726615e-13 -0.10191100068226078 0.99479352025429912 0 -8.7072284527468691e-13 -8.9185095816681962e-14 1</Rotation>
<Translation>1.2434497875801753e-14 0 0.014200000000000004</Translation>
</Transform>
</Instance>
<Instance name="rotorfinished.step-1" uid="rotorfinished.step-1" entityUid="rotorfinished.step*:*Default">
<Transform>
<Rotation>1 0 0 0 1 0 0 0 1</Rotation>
<Translation>0 0 0</Translation>
</Transform>
</Instance>
</Instance>
</InstanceTree>
<Constraints>
<Concentric name="Concentric6">
<ConstraintGeometry geomType="circle">
<InstancePath>
<Uid>finishedrotorpropflipped-1</Uid>
<Uid>rotorfinished.step-1</Uid>
</InstancePath>
<Position>-8.2989171090730451e-15 0 -0.0095000000000000015</Position>
<Axis>8.7527193081276686e-13 1.0034643073708914e-16 1</Axis>
</ConstraintGeometry>
<ConstraintGeometry geomType="circle">
<InstancePath>
<Uid>framefinished1-2</Uid>
</InstancePath>
<Position>0.13565032574539043 0.12662511281177555 0.031497840836730587</Position>
<Axis>7.1302203805934333e-16 7.0167706515019224e-16 1</Axis>
</ConstraintGeometry>
</Concentric>
<Concentric name="Concentric7">
<ConstraintGeometry geomType="circle">
<InstancePath>
<Uid>finishedrotorpropnonflipped-2</Uid>
<Uid>rotorfinished.step-1</Uid>
</InstancePath>
<Position>-8.3266726846886741e-15 0 -0.0094999999999999946</Position>
<Axis>8.7527193081276696e-13 1.0034643073711873e-16 0.99999999999999989</Axis>
</ConstraintGeometry>
<ConstraintGeometry geomType="circle">
<InstancePath>
<Uid>framefinished1-2</Uid>
</InstancePath>
<Position>0.13567551465985683 -0.12660101056458167 0.031503077585179479</Position>
<Axis>2.0000000000000009e-15 -1.0000000000000009e-15 1</Axis>
</ConstraintGeometry>
</Concentric>
<Concentric name="Concentric8">
<ConstraintGeometry geomType="circle">
<InstancePath>
<Uid>finishedrotorpropflipped-3</Uid>
<Uid>rotorfinished.step-1</Uid>
</InstancePath>
<Position>-8.3266726846886741e-15 0 -0.0095000000000000015</Position>
<Axis>8.7527193081276676e-13 1.00346430737439e-16 1</Axis>
</ConstraintGeometry>
<ConstraintGeometry geomType="circle">
<InstancePath>
<Uid>framefinished1-2</Uid>
</InstancePath>
<Position>-0.13560383664039105 -0.12666451836644324 0.031503077585179701</Position>
<Axis>4.996043726750699e-16 -4.8011355225413757e-16 1</Axis>
</ConstraintGeometry>
</Concentric>
<Concentric name="Concentric9">
<ConstraintGeometry geomType="circle">
<InstancePath>
<Uid>finishedrotorpropnonflipped-3</Uid>
<Uid>rotorfinished.step-1</Uid>
</InstancePath>
<Position>-8.2989171090730451e-15 0 -0.0095000000000000015</Position>
<Axis>8.7527193081276706e-13 1.0034643073712129e-16 1</Axis>
</ConstraintGeometry>
<ConstraintGeometry geomType="circle">
<InstancePath>
<Uid>framefinished1-2</Uid>
</InstancePath>
<Position>-0.13562903786721542 0.12664042899330566 0.031766887962172696</Position>
<Axis>9.9999999999999949e-16 1.0000000000000009e-15 1</Axis>
</ConstraintGeometry>
</Concentric>
<Coincident name="Coincident4">
<ConstraintGeometry geomType="plane">
<InstancePath>
<Uid>finishedrotorpropnonflipped-2</Uid>
<Uid>rotorfinished.step-1</Uid>
</InstancePath>
<Position>-8.3266726846886741e-15 0 -0.0094999999999999946</Position>
<Axis>-8.7534146597789716e-13 0 -0.99999999999999989</Axis>
</ConstraintGeometry>
<ConstraintGeometry geomType="plane">
<InstancePath>
<Uid>framefinished1-2</Uid>
</InstancePath>
<Position>0.058511373573518224 -0.045983081697036049 0.031503077585179798</Position>
<Axis>2.9801767169600236e-15 -2.0298421440356888e-15 1</Axis>
</ConstraintGeometry>
</Coincident>
<Coincident name="Coincident5">
<ConstraintGeometry geomType="plane">
<InstancePath>
<Uid>finishedrotorpropflipped-1</Uid>
<Uid>rotorfinished.step-1</Uid>
</InstancePath>
<Position>-8.2989171090730451e-15 0 -0.0095000000000000015</Position>
<Axis>-8.7534146597789706e-13 0 -1</Axis>
</ConstraintGeometry>
<ConstraintGeometry geomType="plane">
<InstancePath>
<Uid>framefinished1-2</Uid>
</InstancePath>
<Position>0.058511373573518023 0.045983081697036139 0.031497840836730795</Position>
<Axis>1.6986668870121761e-15 1.7262869762067362e-15 1</Axis>
</ConstraintGeometry>
</Coincident>
<Coincident name="Coincident6">
<ConstraintGeometry geomType="plane">
<InstancePath>
<Uid>finishedrotorpropnonflipped-3</Uid>
<Uid>rotorfinished.step-1</Uid>
</InstancePath>
<Position>-8.2989171090730451e-15 0 -0.0095000000000000015</Position>
<Axis>-8.7534146597789706e-13 0 -1</Axis>
</ConstraintGeometry>
<ConstraintGeometry geomType="plane">
<InstancePath>
<Uid>framefinished1-2</Uid>
</InstancePath>
<Position>-0.058506100607189034 0.045983081697036049 0.031766887962172793</Position>
<Axis>0 2.030342855469093e-15 1</Axis>
</ConstraintGeometry>
</Coincident>
<Coincident name="Coincident7">
<ConstraintGeometry geomType="plane">
<InstancePath>
<Uid>finishedrotorpropflipped-3</Uid>
<Uid>rotorfinished.step-1</Uid>
</InstancePath>
<Position>-8.3266726846886741e-15 0 -0.0095000000000000015</Position>
<Axis>-8.7534146597789696e-13 0 -1</Axis>
</ConstraintGeometry>
<ConstraintGeometry geomType="plane">
<InstancePath>
<Uid>framefinished1-2</Uid>
</InstancePath>
<Position>-0.058506100607187944 -0.045983081697036125 0.031503077585179798</Position>
<Axis>-4.8551679747210828e-16 -1.5052269695062998e-15 1</Axis>
</ConstraintGeometry>
</Coincident>
<UnknownConstraint name="Coincident9">
<ConstraintGeometry geomType="point">
<InstancePath>
<Uid>framefinished1-2</Uid>
</InstancePath>
<Position>0 0 0</Position>
</ConstraintGeometry>
<ConstraintGeometry geomType="point">
<InstancePath>
<Uid>completedfinished</Uid>
</InstancePath>
<Position>0 0 0</Position>
</ConstraintGeometry>
</UnknownConstraint>
<Coincident name="Coincident13">
<ConstraintGeometry geomType="plane">
<InstancePath>
<Uid>framefinished1-2</Uid>
</InstancePath>
<Position>-0.072508209776446869 0.060051989890372706 -0.03150000000000025</Position>
<Axis>-9.9999999052019646e-16 -9.9990263808752255e-16 -1</Axis>
</ConstraintGeometry>
<ConstraintGeometry geomType="plane">
<InstancePath>
<Uid>battery-1</Uid>
</InstancePath>
<Position>0 0 0</Position>
<Axis>0 0 -1</Axis>
</ConstraintGeometry>
</Coincident>
<Distance name="LimitDistance2">
<ConstraintGeometry geomType="plane">
<InstancePath>
<Uid>battery-1</Uid>
</InstancePath>
<Position>-0.017499999999999998 -0.050000000000000003 0.025000000000000001</Position>
<Axis>0 -1.0000000000000002 0</Axis>
</ConstraintGeometry>
<ConstraintGeometry geomType="plane">
<InstancePath>
<Uid>framefinished1-2</Uid>
</InstancePath>
<Position>-0.072519893774815519 -0.059948009540811295 -0.027499999999999913</Position>
<Axis>-9.7366653072000046e-05 -0.99999999525986749 1.0000000000000005e-15</Axis>
</ConstraintGeometry>
</Distance>
<Distance name="LimitDistance4">
<ConstraintGeometry geomType="plane">
<InstancePath>
<Uid>battery-1</Uid>
</InstancePath>
<Position>0.017500000000000005 -0.05000000000000001 0.025000000000000001</Position>
<Axis>1.0000000000000002 0 0</Axis>
</ConstraintGeometry>
<ConstraintGeometry geomType="plane">
<InstancePath>
<Uid>framefinished1-2</Uid>
</InstancePath>
<Position>0.072491789536233947 0.060037871725677275 -0.027500000000000191</Position>
<Axis>0.99999999525986749 -9.7366653072000046e-05 -9.9990262860679557e-16</Axis>
</ConstraintGeometry>
</Distance>
</Constraints>
</RootAssembly>
<Assemblies>
<Assembly name="finishedrotorpropnonflipped" uid="finishedrotorpropnonflipped" version="116">
<ModelUnits mass="kilogram" length="centimeter"/>
<AssemblyFile name="finishedrotorpropnonflipped.SLDASM" type="SolidWorks Assembly"/>
</Assembly>
<Assembly name="finishedrotorpropflipped" uid="finishedrotorpropflipped" version="123">
<ModelUnits mass="kilogram" length="centimeter"/>
<AssemblyFile name="finishedrotorpropflipped.SLDASM" type="SolidWorks Assembly"/>
</Assembly>
</Assemblies>
<Parts>
<Part name="battery" uid="battery*:*Default" version="107">
<ModelUnits mass="kilogram" length="centimeter"/>
<PartFile name="battery.SLDPRT" type="SolidWorks Part"/>
<MassProperties>
<Mass>0.20000000000000001</Mass>
<CenterOfMass>0 0 0.012468704661574749</CenterOfMass>
<Inertia>0.00017651165023420293 3.0675468477599867e-05 0.00018645108247238176 0 0 0</Inertia>
</MassProperties>
<GeometryFile name="battery_Default_sldprt.STEP" type="STEP"/>
<VisualProperties>
<Ambient r="0.792156862745098" g="0.81960784313725488" b="0.93333333333333335" a="1"/>
<Diffuse r="0.792156862745098" g="0.81960784313725488" b="0.93333333333333335" a="1"/>
<Specular r="0.396078431372549" g="0.40980392156862744" b="0.46666666666666667" a="1"/>
<Emissive r="0" g="0" b="0" a="1"/>
<Shininess>0.3125</Shininess>
</VisualProperties>
</Part>
<Part name="flippedwingfinished.step" uid="flippedwingfinished.step*:*Default" version="118">
<ModelUnits mass="kilogram" length="centimeter"/>
<PartFile name="flippedwingfinished.step.SLDPRT" type="SolidWorks Part"/>
<MassProperties>
<Mass>0.0059869591163983511</Mass>
<CenterOfMass>-9.3833838640161059e-14 3.4108765593942798e-14 -0.0022152335689124398</CenterOfMass>
<Inertia>3.5184355864650033e-07 1.2336885551522765e-05 1.2635683749732253e-05 0 0 -1.5542872877328208e-06</Inertia>
</MassProperties>
<GeometryFile name="flippedwingfinished.step_Default_sldprt.STEP" type="STEP"/>
<VisualProperties>
<Ambient r="0.792156862745098" g="0.81960784313725488" b="0.93333333333333335" a="1"/>
<Diffuse r="0.792156862745098" g="0.81960784313725488" b="0.93333333333333335" a="1"/>
<Specular r="0.396078431372549" g="0.40980392156862744" b="0.46666666666666667" a="1"/>
<Emissive r="0" g="0" b="0" a="1"/>
<Shininess>0.3125</Shininess>
</VisualProperties>
</Part>
<Part name="framefinished1" uid="framefinished1*:*Default" version="118">
<ModelUnits mass="kilogram" length="centimeter"/>
<PartFile name="framefinished1.SLDPRT" type="SolidWorks Part"/>
<MassProperties>
<Mass>0.53492452726989004</Mass>
<CenterOfMass>2.6466995313515277e-06 2.536237116042593e-06 0.0035203971575152185</CenterOfMass>
<Inertia>0.0022874579460337744 0.002988059598684807 0.0047641869465224404 -1.5878890699451504e-06 2.0246247084505507e-06 -6.4487134329108825e-08</Inertia>
</MassProperties>
<GeometryFile name="framefinished1_Default_sldprt.STEP" type="STEP"/>
<VisualProperties>
<Ambient r="0.792156862745098" g="0.81960784313725488" b="0.93333333333333335" a="1"/>
<Diffuse r="0.792156862745098" g="0.81960784313725488" b="0.93333333333333335" a="1"/>
<Specular r="0.396078431372549" g="0.40980392156862744" b="0.46666666666666667" a="1"/>
<Emissive r="0" g="0" b="0" a="1"/>
<Shininess>0.3125</Shininess>
</VisualProperties>
</Part>
<Part name="nonflippedwingfinished.step" uid="nonflippedwingfinished.step*:*Default" version="116">
<ModelUnits mass="kilogram" length="centimeter"/>
<PartFile name="nonflippedwingfinished.step.sldprt" type="SolidWorks Part"/>
<MassProperties>
<Mass>0.00598682157874418</Mass>
<CenterOfMass>0 0 -0.0022151725543867696</CenterOfMass>
<Inertia>1.2536851787160879e-05 1.5357263737931499e-07 1.2637380963594641e-05 0 0 1.4180616974316207e-08</Inertia>
</MassProperties>
<GeometryFile name="nonflippedwingfinished.step_Default_sldprt.STEP" type="STEP"/>
<VisualProperties>
<Ambient r="0.792156862745098" g="0.81960784313725488" b="0.93333333333333335" a="1"/>
<Diffuse r="0.792156862745098" g="0.81960784313725488" b="0.93333333333333335" a="1"/>
<Specular r="0.396078431372549" g="0.40980392156862744" b="0.46666666666666667" a="1"/>
<Emissive r="0" g="0" b="0" a="1"/>
<Shininess>0.3125</Shininess>
</VisualProperties>
</Part>
<Part name="rotorfinished.step" uid="rotorfinished.step*:*Default" version="126">
<ModelUnits mass="kilogram" length="centimeter"/>
<PartFile name="rotorfinished.step.SLDPRT" type="SolidWorks Part"/>
<MassProperties>
<Mass>0.0052795708346069807</Mass>
<CenterOfMass>1.3366135118319792e-09 5.6957335241986101e-10 -0.0049517080774472578</CenterOfMass>
<Inertia>3.5377752050707822e-07 3.537773217049364e-07 5.0858007684934707e-07 -1.0867747701523821e-14 -2.8299890141121584e-14 7.4889176015515487e-14</Inertia>
</MassProperties>
<GeometryFile name="rotorfinished.step_Default_sldprt.STEP" type="STEP"/>
<VisualProperties>
<Ambient r="0.792156862745098" g="0.81960784313725488" b="0.93333333333333335" a="1"/>
<Diffuse r="0.792156862745098" g="0.81960784313725488" b="0.93333333333333335" a="1"/>
<Specular r="0.396078431372549" g="0.40980392156862744" b="0.46666666666666667" a="1"/>
<Emissive r="0" g="0" b="0" a="1"/>
<Shininess>0.3125</Shininess>
</VisualProperties>
</Part>
</Parts>
</SimscapeMultibodyImportXML>
